episode_id,character_id
1,1
1,2
1,3
1,4
1,32
1,33
1,34
1,35
1,36
1,37
1,38
1,39
1,40
1,41
1,42
1,43
1,44
1,45
1,46
2,1
2,2
2,3
2,4
2,103
2,104
2,105
2,106
2,149
3,1
3,4
3,24
3,25
3,26
3,27
3,35
3,103
4,1
4,2
4,3
4,4
4,35
4,67
4,68
5,1
5,2
5,3
5,4
5,92
5,94
5,95
5,96
6,1
6,2
6,3
6,4
6,47
6,48
7,1
7,2
7,3
7,4
7,5
7,74
7,75
7,150
8,1
8,2
8,3
8,7
8,8
8,9
8,10
8,11
8,12
8,13
8,14
9,1
9,2
9,3
9,4
9,33
9,34
9,112
9,113
9,151
10,1
10,2
10,3
10,46
10,55
10,56
10,152
11,1
11,2
11,3
11,46
11,131
11,153
11,154
12,1
12,3
12,4
12,5
12,13
12,33
12,34
12,50
12,51
12,52
12,91
12,110
13,1
13,2
13,3
13,4
13,5
13,90
13,155
14,1
14,2
14,3
14,4
14,46
14,75
14,103
14,104
14,105
15,1
15,2
15,3
15,35
15,43
15,112
15,156
16,1
16,2
16,3
16,4
16,5
16,102
16,157
17,1
17,2
17,3
17,4
17,18
17,19
17,24
17,35
18,1
18,35
18,54
18,397
19,1
19,2
19,3
19,4
19,5
19,36
19,73
20,1
20,2
20,3
20,4
20,33
20,34
20,41
20,50
21,1
21,3
21,4
21,98
21,99
22,1
22,2
22,3
22,4
22,5
22,91
22,110
22,118
22,119
23,1
23,2
23,3
23,4
23,28
23,29
23,30
23,35
23,98
23,296
24,1
24,2
24,3
24,4
24,5
24,6
24,35
24,38
24,98
24,103
24,158
24,159
25,1
25,2
25,33
25,34
25,38
25,145
25,146
25,147
26,1
26,2
26,3
26,4
26,5
26,11
26,36
26,120
26,121
26,137
27,1
27,2
27,3
27,33
27,34
27,38
27,42
27,122
27,123
28,1
28,2
28,3
28,4
28,5
28,129
28,130
29,1
29,2
29,3
29,4
29,36
29,41
29,160
30,1
30,4
30,21
30,29
30,80
30,81
30,161
31,1
31,2
31,3
31,4
31,5
31,35
31,100
31,110
31,162
31,398
32,1
32,2
32,3
32,4
32,26
32,32
32,103
32,163
33,1
33,2
33,3
33,4
33,11
33,73
33,132
34,2
34,3
34,41
34,46
34,59
34,60
34,106
35,1
35,2
35,3
35,35
35,43
36,1
36,2
36,3
36,4
36,35
36,46
36,68
36,164
37,1
37,3
37,4
37,165
38,1
38,3
38,4
38,35
38,36
38,45
39,1
39,2
39,3
39,42
39,52
39,71
39,72
39,399
40,1
40,2
40,3
40,4
40,5
40,15
40,16
40,35
40,46
40,400
40,401
41,3
41,4
41,46
41,91
41,107
41,108
41,109
41,110
42,1
42,2
42,3
42,4
42,5
42,9
42,10
42,35
42,36
42,43
42,45
42,68
42,102
42,110
42,167
43,1
43,2
43,3
43,4
43,12
43,35
43,45
43,55
43,65
44,1
44,2
44,3
44,95
44,120
45,1
45,3
45,33
45,34
45,45
45,110
45,168
45,402
46,1
46,3
46,35
46,43
46,169
47,1
47,2
47,3
47,4
47,5
47,33
47,34
47,98
48,1
48,2
48,3
48,4
48,55
48,110
48,123
48,403
49,1
49,2
49,3
49,4
49,8
49,38
50,1
50,2
50,3
50,4
50,5
50,33
50,34
50,38
50,75
50,128
51,1
51,2
51,3
51,36
51,37
51,41
51,55
51,103
52,1
52,35
52,38
52,43
53,2
53,3
53,4
53,42
53,46
53,132
54,1
54,2
54,3
54,4
54,35
54,41
54,135
54,136
55,1
55,2
55,3
55,4
55,5
55,115
56,1
56,2
56,3
56,4
56,13
56,27
56,33
56,34
56,110
57,1
57,2
57,3
57,14
57,25
57,33
57,42
57,46
58,1
58,2
58,3
58,4
58,46
58,142
58,170
59,1
59,2
59,3
59,4
59,35
59,404
60,1
60,2
60,3
60,4
60,8
60,9
60,10
60,38
60,50
60,103
60,110
60,171
61,1
61,2
61,3
61,4
61,5
61,36
61,172
61,173
62,1
62,2
62,11
62,12
62,27
62,36
62,38
62,110
62,123
63,1
63,2
63,4
63,38
63,75
63,174
63,175
64,1
64,2
64,3
64,4
64,35
64,36
64,41
64,42
64,43
64,44
64,46
64,55
64,75
64,95
64,103
64,106
64,110
64,119
65,1
65,2
65,3
65,4
65,5
65,53
65,91
65,100
65,103
66,1
66,2
66,3
66,29
66,35
66,103
66,110
66,123
66,405
67,1
67,2
67,3
67,4
67,9
67,29
67,45
67,116
67,117
67,176
68,1
68,2
68,4
68,38
68,75
68,406
68,407
69,1
69,2
69,3
69,4
69,5
69,36
69,110
70,1
70,2
70,4
70,30
70,33
70,34
70,35
70,43
70,98
70,177
71,1
71,2
71,3
71,4
71,35
71,178
71,179
71,408
72,1
72,2
72,3
72,4
72,33
72,34
72,38
72,55
72,120
72,122
72,123
73,1
73,2
73,3
73,4
73,42
73,91
73,180
73,181
74,1
74,4
74,110
74,123
74,138
74,182
74,183
74,184
75,1
75,2
75,3
75,4
75,38
75,42
75,144
76,1
76,2
76,4
76,35
76,43
76,55
76,185
76,409
77,1
77,2
77,3
77,4
77,35
77,55
78,1
78,2
78,3
78,4
78,36
78,91
78,92
78,110
78,118
78,410
79,2
79,3
79,4
79,8
79,9
79,10
79,42
79,50
79,58
79,75
79,91
79,95
79,123
79,411
80,1
80,2
80,3
80,4
80,27
80,29
80,75
80,412
81,1
81,3
81,4
81,21
81,50
81,91
81,110
81,119
82,1
82,2
82,3
82,4
82,12
82,27
82,38
82,42
82,186
82,412
82,413
83,1
83,2
83,3
83,4
83,5
83,13
83,21
83,27
83,41
83,44
83,92
84,1
84,2
84,3
84,22
84,35
84,188
85,1
85,3
85,5
85,35
85,43
85,415
86,1
86,2
86,3
86,4
86,29
86,35
86,36
86,41
86,46
86,55
86,92
86,112
86,141
86,187
87,1
87,2
87,3
87,4
87,5
87,27
87,29
87,117
88,1
88,2
88,3
88,4
88,11
88,33
88,36
88,110
88,132
88,189
88,416
89,1
89,3
89,12
89,36
89,46
89,110
89,417
90,1
90,2
90,3
90,35
90,38
90,55
90,95
90,190
91,1
91,2
91,3
91,4
91,35
91,42
91,75
91,418
91,419
92,1
92,4
92,27
92,191
93,2
93,3
93,4
93,35
93,36
93,38
93,50
93,95
93,110
93,119
93,420
94,1
94,2
94,4
94,12
94,50
94,98
94,421
95,4
95,43
95,98
95,110
95,192
96,1
96,2
96,35
96,38
96,55
96,91
96,193
96,422
96,423
97,1
97,3
97,4
97,27
97,36
98,1
98,2
98,3
98,4
98,23
98,38
98,133
98,171
99,1
99,2
99,3
99,4
99,35
99,46
99,95
99,104
99,122
100,3
100,36
100,41
100,42
100,58
100,82
100,83
100,84
100,123
100,138
101,1
101,2
101,3
101,4
101,6
101,12
101,21
101,33
101,36
101,42
101,75
101,103
101,113
101,122
101,194
102,1
102,2
102,3
102,35
102,47
102,91
102,92
103,1
103,2
103,3
103,4
103,11
103,45
103,55
104,1
104,3
104,4
104,36
104,95
104,104
105,1
105,3
105,4
105,42
105,138
105,195
106,1
106,2
106,91
107,1
107,2
107,3
107,4
107,80
107,91
107,196
108,1
108,3
108,4
108,13
108,20
108,34
108,42
108,43
108,44
108,75
108,110
108,424
108,425
109,1
109,2
109,3
109,4
109,5
109,9
109,33
109,34
109,36
109,41
109,42
109,45
109,46
109,65
109,123
110,1
110,2
110,3
110,4
110,11
110,123
110,197
111,1
111,2
111,3
111,4
111,5
111,9
111,12
111,27
111,42
112,1
112,2
112,3
112,4
112,5
112,123
112,198
112,426
113,1
113,2
113,3
113,4
114,1
114,2
114,4
114,45
114,201
114,202
115,1
115,2
115,4
115,45
115,55
115,112
115,203
116,1
116,2
116,3
116,4
116,5
116,33
116,34
116,35
116,38
117,1
117,3
117,4
117,36
117,45
117,62
117,80
118,1
118,71
118,110
118,204
118,427
118,428
119,1
119,2
119,3
119,4
119,205
120,1
120,2
120,3
120,4
120,33
120,34
120,206
121,1
121,2
121,12
121,35
121,38
121,43
121,45
121,50
121,75
121,110
122,1
122,2
122,3
122,4
122,5
122,46
122,120
122,207
122,208
123,1
123,2
123,3
123,4
123,35
123,41
123,43
124,1
124,2
124,3
124,4
124,8
124,9
124,10
124,21
124,42
124,46
124,103
124,132
125,1
125,2
125,3
125,4
125,29
125,30
125,48
125,59
125,98
125,103
125,110
125,123
125,429
126,1
126,2
126,3
126,4
126,12
126,27
126,29
126,38
126,45
126,55
126,112
126,132
127,1
127,2
127,3
127,14
127,46
127,62
127,95
127,209
128,1
128,2
128,3
128,4
128,5
128,27
128,35
128,38
128,41
128,42
128,43
128,45
128,55
128,58
128,112
128,119
128,123
129,1
129,2
129,3
129,4
129,5
129,27
129,35
129,38
129,41
129,42
129,43
129,45
129,55
129,58
129,112
129,119
129,123
130,3
130,4
130,46
130,75
130,106
130,146
130,430
131,1
131,2
131,3
131,4
131,5
131,73
132,3
132,4
132,11
132,41
132,44
132,45
132,46
132,59
132,91
133,1
133,2
133,3
133,4
133,12
133,42
133,48
133,120
133,431
134,1
134,2
134,3
134,4
134,5
134,11
134,27
134,33
134,34
134,36
134,80
134,98
134,110
134,123
135,1
135,2
135,35
136,1
136,2
136,3
136,4
136,35
137,1
137,3
137,4
137,13
137,27
137,34
137,75
137,110
137,210
137,211
138,1
138,5
138,12
138,35
138,43
138,48
138,68
138,110
138,120
138,422
139,1
139,2
139,3
139,9
139,16
139,46
139,95
139,212
140,1
140,12
140,25
140,35
140,45
141,1
141,2
141,3
141,36
141,64
142,1
142,2
142,4
142,5
142,35
142,43
142,92
142,110
142,134
142,433
143,1
143,2
143,3
143,4
143,110
143,434
144,1
144,2
144,4
144,14
144,36
144,75
144,100
144,213
145,1
145,35
145,43
145,112
146,2
146,3
146,4
146,29
146,59
146,91
146,118
146,214
146,435
147,1
147,2
147,3
147,27
147,33
147,34
147,120
147,215
148,1
148,2
148,3
148,4
148,33
148,34
148,42
148,46
148,95
149,1
149,2
149,3
149,4
149,5
149,11
149,12
149,27
149,29
149,30
149,35
149,38
149,43
149,45
149,46
149,58
149,60
149,80
149,92
149,95
149,110
149,132
150,1
150,2
150,3
150,35
150,36
150,38
150,43
150,92
151,1
151,4
151,12
151,71
151,75
151,123
151,126
152,1
152,3
152,4
153,1
153,2
153,3
153,4
153,36
153,46
153,216
154,1
154,2
154,3
154,4
154,98
154,102
155,1
155,2
155,3
155,4
155,43
155,217
156,1
156,2
156,3
156,8
156,9
156,10
156,45
156,59
156,137
156,218
156,436
157,1
157,2
157,35
157,43
157,219
158,1
158,2
158,3
158,4
158,21
158,42
158,91
158,220
159,1
159,2
159,3
159,4
159,16
159,46
159,221
160,1
160,4
160,8
160,9
160,10
160,27
160,42
160,46
160,58
160,95
160,123
161,1
161,2
161,4
161,36
161,222
162,1
162,2
162,223
163,1
163,2
163,3
163,4
163,30
163,35
163,43
163,45
163,408
164,1
164,2
164,3
164,4
164,35
164,71
164,224
165,1
165,3
165,4
165,35
165,43
165,112
166,1
166,2
166,3
166,4
166,5
166,35
166,38
166,98
166,225
167,1
167,2
167,3
167,4
167,91
167,110
167,118
167,120
167,124
167,125
167,226
168,1
168,2
168,3
168,4
168,38
168,45
168,227
169,3
169,4
169,11
169,13
169,27
169,110
169,140
170,1
170,2
170,3
170,4
170,5
170,30
170,98
170,110
171,1
171,2
171,3
171,4
171,27
171,36
171,45
171,71
171,75
171,228
172,3
172,4
172,27
172,42
172,46
172,58
172,103
172,104
173,1
173,2
173,3
173,4
173,11
173,27
173,41
173,82
173,229
174,1
174,4
174,35
174,43
174,112
174,438
175,1
175,2
175,3
175,4
175,8
175,9
175,10
175,11
175,36
176,1
176,2
176,3
176,35
176,43
176,46
176,50
176,55
176,112
176,138
176,230
176,292
177,1
177,2
177,3
177,4
177,5
177,8
177,9
177,10
177,21
177,27
177,34
177,42
177,43
177,45
177,53
177,91
177,92
177,112
177,120
177,138
177,231
177,439
178,1
178,2
178,3
178,4
178,27
178,42
178,232
179,1
179,2
179,3
179,38
179,45
179,66
180,1
180,2
180,3
180,42
180,52
180,75
180,103
180,131
180,233
181,1
181,2
181,3
181,4
181,42
181,46
181,95
181,110
181,440
182,1
182,2
182,3
182,4
182,33
182,34
182,41
182,44
182,45
182,73
182,75
182,234
183,1
183,2
183,3
183,12
183,33
183,46
183,132
184,1
184,3
184,4
184,27
184,36
184,95
184,441
184,442
185,1
185,2
185,12
185,126
185,235
186,1
186,2
186,4
186,52
186,443
187,1
187,2
187,27
187,29
187,36
187,88
187,89
187,132
188,1
188,2
188,3
188,4
188,41
188,50
188,127
188,444
189,1
189,2
189,3
189,132
189,413
190,1
190,2
190,3
190,27
190,237
191,1
191,2
191,3
191,4
191,11
191,35
191,36
191,123
191,238
191,239
192,1
192,2
192,3
192,4
192,25
192,26
192,36
192,45
192,46
192,95
192,138
193,3
193,110
193,446
194,1
194,38
194,45
194,122
194,240
195,1
195,2
195,3
195,4
195,12
195,21
195,138
196,2
196,3
196,4
196,8
196,9
196,10
196,27
196,35
196,75
196,95
196,120
196,138
197,1
197,3
197,4
197,12
197,35
197,38
197,43
197,45
197,46
197,55
197,112
197,241
197,242
197,447
198,1
198,35
198,36
198,43
198,243
199,1
199,2
199,3
199,4
199,12
199,50
199,57
199,110
199,123
200,1
200,2
200,3
200,4
200,45
200,61
200,75
200,244
200,448
200,449
201,1
201,2
201,3
201,92
201,146
201,245
202,1
202,2
202,3
202,4
202,29
202,46
202,55
202,98
202,112
203,1
203,2
203,3
203,4
203,5
203,34
203,81
203,88
204,1
204,3
204,4
204,12
204,42
204,110
204,123
204,195
205,1
205,2
205,3
205,4
205,50
206,2
206,3
206,4
206,42
206,46
206,75
206,95
206,120
206,132
207,1
207,2
207,3
207,4
207,5
207,12
207,27
207,30
207,38
207,44
207,45
207,91
207,102
207,132
208,1
208,2
208,3
208,4
209,1
209,4
209,27
209,35
209,55
209,98
209,112
209,198
209,199
209,200
210,1
210,2
210,3
210,4
210,42
210,58
210,95
210,138
211,1
211,2
211,3
211,98
211,122
212,1
212,71
212,75
212,148
212,450
213,1
213,3
213,36
213,85
213,86
213,99
213,137
213,451
214,1
214,3
214,4
214,27
214,38
214,55
214,81
214,112
214,452
215,1
215,2
215,3
215,4
215,45
215,247
215,453
215,454
215,455
215,456
215,457
215,458
215,459
216,1
216,2
216,27
216,35
216,67
216,248
216,460
217,1
217,2
217,4
217,12
217,27
217,36
217,45
217,73
217,98
217,126
217,461
218,1
218,2
218,3
218,4
218,27
218,110
219,1
219,2
219,3
219,4
219,27
219,46
219,98
220,1
220,2
220,3
220,4
220,27
220,98
220,249
221,1
221,2
221,3
221,4
221,11
221,34
221,36
221,42
221,46
221,55
221,95
221,112
221,132
221,138
222,1
222,2
222,3
222,4
222,21
222,35
222,250
222,462
223,1
223,3
223,4
223,33
223,42
223,46
223,58
223,463
224,1
224,2
224,3
224,4
224,5
224,35
224,80
224,123
224,251
225,1
225,2
225,4
225,27
225,34
225,42
225,59
225,75
225,80
225,98
225,124
225,146
225,464
226,1
226,2
226,3
226,4
226,36
226,132
226,252
227,1
227,2
227,253
227,465
228,1
228,2
228,3
228,36
228,42
228,466
229,1
229,2
229,3
229,4
229,254
230,1
230,2
230,3
230,4
230,5
230,36
230,59
230,102
230,467
230,468
230,469
231,1
231,2
231,4
231,45
231,112
231,132
231,255
231,470
232,1
232,2
232,3
232,4
232,5
232,25
232,35
232,50
232,55
232,95
232,112
232,471
232,472
232,473
232,474
233,1
233,2
233,12
233,126
233,256
233,475
234,1
234,2
234,3
234,36
234,45
234,55
234,112
234,257
234,476
234,477
235,1
235,2
235,3
235,4
235,35
235,42
235,46
235,71
235,98
235,258
235,478
236,1
236,2
236,3
236,4
236,36
236,98
237,1
237,3
237,4
237,22
237,36
237,46
237,71
237,80
237,98
237,259
238,1
238,2
238,3
238,4
238,35
238,43
238,45
238,50
238,479
239,1
239,2
239,3
239,4
239,59
239,480
239,481
240,1
240,2
240,3
240,4
240,5
240,36
240,73
240,98
240,101
240,103
240,124
241,1
241,2
241,3
241,4
241,5
241,11
241,35
241,482
242,1
242,3
242,4
242,45
242,55
242,112
242,143
242,260
242,261
242,262
243,1
243,2
243,3
243,4
243,36
243,95
243,138
243,263
244,1
244,2
244,3
244,4
244,38
244,45
244,55
244,112
245,1
245,2
245,3
245,4
245,5
245,264
245,483
246,1
246,2
246,3
246,4
246,8
246,9
246,10
246,27
246,46
246,80
246,95
246,138
246,265
247,1
247,2
247,3
247,4
247,5
247,25
247,266
248,1
248,2
248,3
248,4
248,34
248,95
248,123
248,484
249,1
249,2
249,3
249,4
249,8
249,45
249,50
249,80
249,95
249,98
249,102
249,110
249,112
249,131
250,1
250,2
250,3
250,46
250,478
250,485
250,486
251,1
251,3
251,71
251,78
251,79
251,80
251,110
251,267
251,488
251,489
251,490
252,1
252,2
252,3
252,4
252,70
252,110
252,268
253,1
253,2
253,3
253,4
253,35
253,42
253,43
253,59
253,61
253,103
253,112
253,491
254,1
254,3
254,4
254,9
254,41
254,75
254,95
254,269
255,1
255,2
255,3
255,4
255,25
255,28
255,42
255,123
255,270
255,492
256,1
256,3
256,4
256,34
256,36
256,42
256,58
256,95
256,123
257,1
257,4
257,38
257,45
258,1
258,2
258,27
258,42
258,271
258,493
259,1
259,3
259,4
259,27
259,46
259,59
259,131
259,494
260,1
260,2
260,3
260,4
260,110
260,495
260,496
260,497
261,3
261,13
261,27
261,42
261,50
261,109
261,110
261,119
261,478
262,1
262,2
262,3
262,4
262,25
262,46
262,55
262,95
262,138
262,272
262,499
263,1
263,2
263,3
263,4
263,66
263,112
263,273
264,1
264,4
264,5
264,8
264,9
264,10
264,42
264,80
264,95
264,137
264,274
265,1
265,2
265,3
265,4
265,5
265,41
265,275
265,276
266,1
266,2
266,3
266,4
266,27
266,34
266,38
266,41
266,46
266,71
266,98
266,109
266,110
266,277
267,1
267,3
267,36
267,42
267,59
267,64
267,73
267,101
268,1
268,2
268,3
268,4
268,5
268,27
268,41
268,44
268,46
268,98
268,114
268,122
269,1
269,2
269,3
269,4
269,11
269,34
269,80
269,95
269,278
270,1
270,2
270,3
270,4
270,5
270,33
270,34
270,35
270,43
270,45
270,55
270,80
270,112
270,279
270,280
271,1
271,2
271,3
271,46
271,52
271,93
272,1
272,3
272,4
272,38
272,45
272,55
272,112
272,500
273,1
273,35
273,43
273,87
273,132
274,1
274,2
274,27
274,43
274,45
274,55
274,71
274,112
274,501
274,502
275,1
275,2
275,3
275,4
275,11
275,35
275,36
275,46
275,55
275,112
275,138
275,503
276,1
276,2
276,3
276,4
276,5
276,36
276,92
276,93
276,281
277,1
277,2
277,9
277,10
277,52
277,80
277,122
277,131
277,282
278,1
278,2
278,3
278,34
278,41
278,98
278,137
279,1
279,2
279,3
279,4
279,33
279,34
279,55
279,98
279,112
279,147
280,1
280,2
280,3
280,4
280,34
280,42
280,46
280,80
280,283
280,504
281,1
281,2
281,3
281,110
281,132
281,284
282,1
282,2
282,3
282,4
282,5
282,33
282,92
282,285
283,1
283,2
283,3
283,4
283,12
283,27
283,33
283,34
283,35
283,36
283,38
283,45
283,46
283,55
283,75
283,80
283,110
283,112
283,119
283,123
283,124
283,138
283,142
284,1
284,2
284,3
284,4
284,5
284,33
284,34
284,91
284,124
284,286
285,1
285,2
285,5
285,35
285,43
285,98
285,505
286,1
286,3
286,4
286,27
286,35
286,102
286,110
286,441
286,448
286,461
286,464
286,469
286,472
286,506
286,507
286,508
286,514
287,1
287,2
287,3
287,4
287,34
287,35
287,42
287,43
287,46
287,55
287,59
287,98
287,103
287,112
287,516
288,1
288,2
288,3
288,4
288,12
288,42
288,80
288,126
288,142
288,287
288,517
289,1
289,2
289,3
289,4
289,42
289,46
289,58
289,62
289,91
289,98
289,110
289,114
289,123
289,288
289,518
290,1
290,2
290,3
290,4
290,5
290,27
290,67
290,133
290,289
290,519
291,1
291,2
291,5
291,9
291,27
291,35
291,36
291,55
291,71
291,75
291,79
291,112
291,132
292,1
292,2
292,3
292,4
292,5
292,36
292,45
292,73
292,80
292,98
292,102
293,1
293,2
293,3
293,4
293,42
293,45
293,55
293,112
293,520
294,1
294,2
294,3
294,4
294,42
294,290
295,1
295,2
295,3
295,4
295,25
295,27
295,36
295,42
295,46
295,84
295,89
295,109
295,110
295,126
295,296
296,1
296,2
296,3
296,4
296,35
296,38
296,55
296,291
296,521
297,1
297,2
297,3
297,13
297,27
297,110
297,292
298,1
298,2
298,3
298,4
298,42
298,103
298,123
298,131
298,522
299,1
299,2
299,3
299,4
299,27
299,45
299,293
299,523
300,1
300,2
300,3
300,5
300,12
300,27
300,45
300,55
300,98
300,112
300,117
300,138
300,146
301,1
301,2
301,3
301,4
301,11
301,36
301,70
301,524
301,525
302,1
302,2
302,3
302,4
302,5
302,28
302,93
302,95
302,124
302,526
302,527
303,1
303,2
303,4
303,31
303,42
303,55
303,110
303,112
303,528
304,1
304,2
304,36
304,146
304,294
304,529
304,530
305,1
305,2
305,3
305,4
305,12
305,75
305,110
305,138
306,1
306,2
306,3
306,35
306,43
306,98
307,1
307,3
307,4
307,46
307,63
307,75
307,80
307,95
308,1
308,2
308,3
308,4
308,45
308,98
308,531
309,1
309,3
309,4
309,35
309,36
309,43
309,45
309,70
309,110
309,132
309,295
309,296
309,532
310,1
310,2
310,3
310,4
310,19
310,41
310,44
310,66
311,1
311,2
311,3
311,38
311,93
311,124
311,533
311,534
312,1
312,2
312,3
312,9
312,27
312,46
312,62
312,95
312,104
312,138
312,142
313,1
313,2
313,4
313,5
313,27
313,38
313,45
313,71
313,298
314,1
314,2
314,3
314,4
314,42
314,44
314,45
314,46
314,75
314,78
314,80
314,102
314,299
314,535
314,536
314,537
315,1
315,2
315,3
315,4
315,27
315,35
315,45
315,55
315,112
315,130
316,1
316,4
316,42
316,45
316,95
316,104
316,123
316,538
317,1
317,2
317,3
317,4
317,35
317,46
317,92
317,300
317,539
317,540
317,541
317,542
318,1
318,2
318,3
318,4
318,33
318,34
318,55
318,112
318,301
319,1
319,2
319,3
319,4
319,38
319,41
319,45
319,55
319,57
319,64
319,98
319,110
319,112
319,146
319,543
320,1
320,2
320,3
320,4
320,35
320,36
320,55
320,59
320,95
320,112
320,122
320,132
321,1
321,2
321,3
321,4
321,5
321,35
321,55
321,75
322,1
322,3
322,4
322,8
322,9
322,10
322,42
322,44
322,57
322,88
322,95
323,1
323,2
323,3
323,4
323,35
323,36
323,110
323,113
323,544
323,545
323,546
324,1
324,2
324,3
324,4
324,25
324,30
324,35
324,46
324,55
324,75
324,95
324,112
324,124
325,1
325,2
325,3
325,4
325,12
325,46
325,103
325,126
325,547
326,1
326,2
326,3
326,4
326,5
326,12
326,27
326,98
326,126
326,163
326,302
327,1
327,2
327,3
327,4
327,33
327,34
327,46
327,112
327,147
328,1
328,2
328,3
328,4
328,38
328,45
329,3
329,27
329,42
329,91
329,93
330,1
330,2
330,3
330,27
330,42
330,46
330,59
330,66
330,95
330,103
330,548
331,1
331,2
331,3
331,4
331,74
332,1
332,2
332,3
332,4
332,27
332,35
332,43
332,55
332,59
332,70
332,75
332,112
332,549
333,1
333,2
333,3
333,4
333,16
333,27
333,33
333,34
333,45
333,46
333,55
333,59
333,75
333,89
333,112
333,113
333,296
334,1
334,2
334,3
334,4
334,46
334,75
334,98
335,1
335,3
335,4
335,33
335,34
335,35
335,42
335,43
335,46
335,75
335,91
335,95
335,112
335,123
335,138
336,1
336,2
336,3
336,4
336,5
336,34
336,35
336,80
336,98
336,102
336,122
336,138
336,387
337,1
337,2
337,3
337,4
337,5
337,27
337,34
337,36
337,46
337,134
337,303
337,545
337,551
338,1
338,2
338,3
338,4
338,26
338,33
338,34
338,46
338,95
338,103
338,112
338,138
339,1
339,2
339,3
339,4
339,38
339,41
339,50
339,75
339,304
340,1
340,2
340,3
340,4
340,35
340,36
340,46
340,63
340,91
340,110
340,305
341,1
341,12
341,35
341,43
341,92
342,1
342,2
342,3
342,4
342,5
342,27
342,45
342,55
342,112
343,1
343,2
343,3
343,35
343,36
343,59
343,306
343,307
343,552
344,1
344,2
344,3
344,4
344,12
344,27
344,38
344,42
344,46
344,308
344,553
345,1
345,2
345,3
345,4
345,8
345,9
345,10
345,11
345,33
345,34
345,46
345,75
345,309
345,310
346,1
346,2
346,3
346,4
346,27
346,93
346,98
346,123
346,554
347,1
347,2
347,3
347,4
347,33
347,34
347,35
347,49
347,98
347,311
347,555
348,1
348,2
348,3
348,4
348,5
349,1
349,2
349,3
349,4
349,18
349,25
349,27
349,35
349,44
349,75
349,132
349,312
349,556
350,1
350,2
350,3
350,4
350,34
350,35
350,37
350,46
350,80
350,110
350,132
350,313
351,1
351,2
351,3
351,4
351,5
351,41
351,98
351,314
351,464
352,1
352,2
352,3
352,4
352,12
352,42
352,50
352,98
352,124
352,146
352,315
353,1
353,2
353,3
353,4
353,5
353,36
353,110
353,316
353,317
354,1
354,2
354,4
354,45
354,110
355,1
355,2
355,3
355,4
355,5
355,36
355,46
355,318
355,319
355,558
356,1
356,2
356,3
356,4
356,11
356,36
356,46
356,123
356,320
357,1
357,2
357,35
357,43
357,55
357,71
357,112
357,321
358,1
358,2
358,3
358,4
358,41
358,46
358,75
358,91
358,322
359,1
359,2
359,3
359,4
359,5
359,16
359,46
359,98
360,1
360,2
360,3
360,4
360,5
360,35
360,36
360,43
360,45
360,46
360,53
360,98
360,119
360,323
360,559
360,560
361,1
361,2
361,3
361,5
361,8
361,9
361,10
361,27
361,42
361,45
361,67
361,110
362,1
362,2
362,3
362,4
362,9
362,25
362,42
362,43
362,50
362,59
362,75
362,84
362,105
362,146
363,1
363,2
363,4
363,5
363,27
363,42
363,46
363,324
364,1
364,2
364,3
364,4
364,5
364,13
364,35
364,76
364,77
364,110
365,1
365,2
365,3
365,4
365,11
365,12
365,35
365,38
365,42
365,45
365,46
365,55
365,80
365,98
365,112
366,1
366,2
366,3
366,4
366,5
366,75
366,92
366,130
366,325
366,404
366,561
367,1
367,2
367,3
367,4
367,5
367,25
367,27
367,38
367,42
367,45
367,46
367,55
367,112
368,1
368,2
368,3
368,4
368,123
368,326
369,1
369,2
369,3
369,4
369,35
369,38
369,42
369,45
369,46
369,55
369,70
369,95
369,103
369,112
369,132
370,1
370,2
370,3
370,4
370,36
370,109
370,110
370,563
370,564
371,1
371,2
371,3
371,4
371,33
371,112
371,327
371,328
372,1
372,3
372,4
372,27
372,70
372,92
372,110
372,307
372,565
373,1
373,2
373,4
373,12
373,33
373,34
373,35
373,43
373,55
373,112
373,566
374,1
374,2
374,3
374,4
374,11
374,34
374,43
374,45
374,55
374,59
374,81
374,112
374,119
374,123
375,1
375,2
375,3
375,4
375,25
375,41
375,42
375,58
375,91
375,95
375,104
375,123
375,138
375,330
376,1
376,2
376,3
376,33
376,34
376,36
376,46
376,55
376,95
376,112
376,567
377,1
377,2
377,3
377,4
377,11
377,27
377,36
377,42
377,80
377,95
377,331
377,332
377,568
378,1
378,2
378,3
378,50
378,333
378,334
379,1
379,2
379,3
379,4
379,8
379,9
379,10
379,25
379,36
379,42
379,45
379,46
379,71
379,79
379,95
379,110
379,122
379,138
379,335
379,336
379,569
380,1
380,2
380,3
380,4
380,36
380,337
380,570
381,1
381,2
381,3
381,4
381,42
381,55
381,58
381,59
381,110
381,112
381,113
381,138
382,1
382,2
382,3
382,4
382,27
382,35
382,36
382,42
382,43
382,44
382,45
382,75
382,102
382,107
382,110
382,119
382,571
383,1
383,2
383,3
383,8
383,9
383,10
383,338
384,1
384,2
384,3
384,4
384,41
384,44
384,45
384,123
384,572
384,573
384,574
384,575
385,1
385,2
385,3
385,4
385,25
385,35
385,50
385,55
385,70
385,112
386,1
386,2
386,3
386,4
386,34
386,46
386,55
386,95
386,112
387,1
387,2
387,3
387,4
387,33
387,34
387,61
387,88
387,576
388,1
388,2
388,3
388,4
388,8
388,33
388,339
389,1
389,2
389,3
389,4
389,8
389,9
389,10
389,25
389,33
389,34
389,35
389,36
389,45
389,46
389,70
389,95
389,112
389,122
389,123
389,132
390,1
390,2
390,3
390,4
390,42
390,75
390,123
390,340
391,1
391,2
391,35
391,45
391,63
392,1
392,2
392,3
392,4
392,42
392,46
392,58
392,110
392,123
392,341
392,342
392,577
392,578
392,579
393,1
393,2
393,3
393,4
393,33
393,34
393,36
393,44
393,93
393,95
393,145
394,1
394,2
394,5
394,31
394,45
394,46
394,50
394,55
394,66
394,75
394,112
394,119
394,137
394,146
394,343
394,344
394,482
395,1
395,2
395,3
395,4
395,12
395,27
395,42
395,43
395,45
395,46
395,59
395,103
395,119
395,132
395,286
396,1
396,2
396,3
396,4
396,8
396,9
396,10
396,11
396,12
396,23
396,27
396,38
396,45
396,46
396,113
396,345
397,1
397,2
397,3
397,5
397,12
397,41
397,42
397,45
397,46
397,55
397,75
397,112
398,1
398,2
398,3
398,4
398,27
398,41
398,80
398,123
398,132
398,464
398,583
399,1
399,2
399,3
399,4
399,8
399,9
399,10
399,12
399,27
399,42
399,46
399,62
399,123
400,1
400,2
400,4
400,36
400,59
400,91
400,110
400,124
400,128
400,584
401,1
401,2
401,3
401,35
401,70
401,110
401,138
402,1
402,2
402,3
402,4
402,27
402,35
402,55
402,98
402,112
402,585
403,1
403,2
403,5
403,41
403,45
403,55
403,66
403,112
403,131
403,146
403,348
404,1
404,2
404,4
404,5
404,27
404,50
404,87
404,88
404,132
404,349
405,1
405,2
405,3
405,4
405,27
405,35
405,36
405,37
405,45
405,46
405,50
405,92
405,95
405,122
405,123
405,131
406,1
406,2
406,3
406,4
406,16
406,46
406,350
407,1
407,2
407,3
407,4
407,34
407,46
407,59
407,75
407,110
407,351
407,586
407,587
407,588
408,1
408,2
408,3
408,4
408,13
408,46
408,76
408,77
408,110
408,132
408,140
408,352
408,353
408,589
409,1
409,2
409,27
409,33
409,34
409,36
409,41
409,45
409,55
409,66
409,92
409,110
409,112
409,144
410,1
410,3
410,4
410,27
410,50
410,75
410,110
410,138
410,354
411,1
411,2
411,3
411,4
411,34
411,38
411,45
411,55
411,112
411,531
411,590
412,1
412,2
412,3
412,4
412,5
412,8
412,9
412,25
412,33
412,34
412,38
412,45
412,46
412,55
412,59
412,95
412,112
412,123
413,1
413,2
413,3
413,4
413,5
413,42
413,46
413,58
413,95
413,123
413,138
413,145
413,356
413,592
414,1
414,2
414,3
414,4
414,27
414,35
414,43
414,50
414,70
414,95
414,98
414,104
414,357
414,358
415,1
415,2
415,3
415,4
415,12
415,359
416,1
416,2
416,4
416,35
416,50
416,52
416,75
416,115
416,360
417,1
417,2
417,3
417,4
417,104
417,133
418,1
418,2
418,3
418,4
418,5
418,38
418,42
418,58
418,59
418,95
418,123
419,1
419,2
419,3
419,4
419,5
419,35
419,130
419,138
420,1
420,3
420,4
420,35
420,59
420,80
420,95
420,110
420,119
421,1
421,2
421,13
421,27
421,33
421,34
421,36
421,71
421,87
421,132
421,361
421,362
421,363
422,1
422,2
422,3
422,4
422,5
422,35
422,38
422,42
422,45
422,46
422,80
422,95
422,98
422,123
423,1
423,2
423,3
423,4
423,5
423,12
423,35
423,37
423,46
423,75
423,112
423,364
423,365
423,593
424,1
424,2
424,3
424,4
424,5
424,21
424,46
424,95
424,110
424,123
425,1
425,2
425,3
425,4
425,5
425,33
425,34
425,73
425,135
426,1
426,3
426,4
426,42
426,58
426,66
426,88
426,103
427,1
427,3
427,4
427,33
427,34
427,45
427,55
427,110
427,112
428,1
428,2
428,3
428,4
428,8
428,9
428,10
428,35
428,45
428,70
428,80
429,1
429,2
429,3
429,4
429,5
429,8
429,9
429,10
429,367
429,594
430,1
430,2
430,3
430,4
430,5
430,55
430,84
430,112
431,1
431,2
431,3
431,4
431,8
431,9
431,10
431,25
431,42
431,58
431,95
431,124
431,138
432,1
432,2
432,35
432,36
432,88
432,112
433,1
433,2
433,3
433,4
433,5
433,35
433,41
433,42
433,43
433,50
433,59
433,98
434,1
434,2
434,3
434,4
434,27
434,45
434,138
434,369
435,1
435,2
435,3
435,4
435,11
435,13
435,33
435,34
435,110
435,164
435,368
436,1
436,2
436,5
436,30
436,45
436,55
436,112
436,370
437,1
437,2
437,3
437,4
437,5
437,41
437,42
437,46
437,371
437,372
438,1
438,2
438,3
438,4
438,42
438,45
438,58
439,1
439,2
439,3
439,4
439,27
439,110
439,138
439,373
440,1
440,2
440,3
440,4
440,5
440,10
440,34
440,35
440,38
440,45
440,112
440,119
440,123
441,1
441,2
441,3
441,4
441,5
441,12
441,27
441,34
441,45
441,55
441,110
441,112
442,1
442,3
442,46
442,59
442,374
442,548
443,1
443,2
443,3
443,4
443,34
443,36
443,39
443,42
443,45
443,46
443,103
443,123
443,375
444,2
444,3
444,4
444,6
444,8
444,9
444,10
444,35
444,95
444,376
444,596
445,1
445,2
445,3
445,4
445,8
445,9
445,10
445,12
445,35
445,45
445,50
445,98
445,100
445,102
445,103
445,110
445,123
445,138
445,146
446,1
446,2
446,3
446,4
446,35
446,36
446,55
446,112
447,1
447,2
447,3
447,4
447,42
447,110
447,123
447,126
447,377
448,1
448,2
448,3
448,4
448,5
448,36
448,378
449,1
449,2
449,3
449,4
449,5
449,8
449,9
449,10
449,13
449,27
449,34
449,38
449,42
449,91
449,95
449,597
449,598
449,599
449,600
449,601
450,1
450,2
450,3
450,4
450,35
450,55
450,95
450,112
450,131
450,602
451,1
451,3
451,4
451,35
451,46
451,55
451,110
451,112
451,380
451,381
451,603
451,604
452,1
452,2
452,3
452,4
452,35
452,38
452,92
452,605
453,1
453,2
453,3
453,4
453,42
453,382
453,383
453,606
454,1
454,2
454,3
454,4
454,5
454,46
454,92
454,110
454,384
454,385
454,386
454,387
454,388
455,1
455,2
455,3
455,4
455,33
455,34
455,36
455,42
455,46
455,95
455,103
455,123
456,1
456,3
456,4
456,58
456,80
456,95
456,103
456,104
456,123
456,138
456,195
456,389
457,1
457,2
457,11
457,36
457,98
457,110
457,390
457,391
458,1
458,2
458,3
458,4
458,13
458,35
458,41
458,43
458,55
458,71
458,112
459,1
459,2
459,3
459,27
459,36
459,42
459,67
459,71
459,93
460,1
460,2
460,3
460,4
460,46
461,1
461,2
461,3
461,4
461,27
461,35
461,36
461,43
461,59
462,1
462,2
462,11
462,12
462,16
462,25
462,33
462,34
462,45
462,46
462,110
462,126
462,142
462,607
463,1
463,2
463,3
463,4
463,13
463,27
463,80
463,110
463,176
463,392
464,1
464,2
464,3
464,4
464,35
464,41
464,45
464,110
464,131
464,138
464,457
464,608
464,609
464,610
464,611
464,613
465,1
465,2
465,3
465,4
465,95
465,110
466,1
466,2
466,3
466,4
466,42
466,88
466,92
466,95
467,1
467,2
467,3
467,4
467,36
467,80
468,1
468,2
468,3
468,4
468,5
468,46
468,80
469,1
469,2
469,3
469,4
469,5
469,42
469,95
470,1
470,2
470,3
470,4
470,35
470,43
470,95
471,1
471,2
471,3
471,4
471,41
471,46
471,614
472,2
472,3
472,4
472,615
472,616
473,1
473,2
473,27
473,45
473,71
473,138
474,2
474,3
474,46
474,59
474,98
475,3
475,42
475,43
475,45
476,1
476,3
477,1
477,2
477,3
477,45
478,1
478,2
478,3
478,4
478,5
478,80
479,1
479,3
479,4
479,25
479,46
479,95
479,393
479,394
480,1
480,2
480,3
480,42
480,57
480,394
481,1
481,2
481,3
481,4
481,8
481,45
481,617
482,1
482,2
482,3
482,4
482,5
482,13
483,1
483,2
483,3
483,4
483,34
483,71
483,84
484,1
484,3
484,4
484,16
484,34
484,45
484,46
484,113
484,126
485,1
485,2
485,3
485,4
485,5
485,25
485,42
485,58
485,80
485,95
485,123
486,1
486,2
486,3
486,35
486,36
486,58
486,103
486,524
486,618
487,1
487,2
487,3
487,4
487,35
487,36
487,50
487,59
487,103
487,132
488,3
488,8
488,9
488,10
488,17
488,27
488,42
488,46
488,58
488,95
489,1
489,2
489,3
489,4
489,5
489,36
489,46
489,102
489,110
490,1
490,3
490,21
490,27
490,35
490,36
490,38
490,60
490,80
490,104
491,1
491,2
491,3
491,4
491,34
491,620
491,621
491,622
492,1
492,3
492,4
492,33
492,34
492,42
492,45
492,80
492,623
493,1
493,2
493,3
493,4
493,35
493,110
494,91
494,110
494,624
494,625
495,1
495,2
495,3
495,4
495,5
495,10
495,46
495,395
495,396
496,1
496,3
496,4
496,626
497,3
497,4
497,26
497,33
497,34
497,46
497,627
498,1
498,2
498,3
498,4
498,5
498,35
498,41
498,45
498,46
498,95
498,137
499,3
499,4
499,46
500,1
500,2
500,3
500,5
500,9
500,27
500,35
500,43
500,45
500,55
500,75
500,112
500,628
501,1
501,2
501,3
501,12
501,27
501,126
501,629
502,1
502,2
502,3
502,27
502,35
502,43
502,67
502,80
502,130
502,532
503,1
503,3
503,35
503,43
504,1
504,2
504,3
504,4
504,9
504,46
505,1
505,2
505,3
505,4
505,630
506,1
506,2
506,3
506,4
506,35
506,43
506,55
506,95
506,110
506,112
507,1
507,2
507,36
507,359
508,3
508,4
508,45
508,631
509,1
509,2
509,3
509,4
509,5
509,46
509,133
509,632
510,1
510,2
510,3
510,4
510,5
510,33
510,34
510,45
510,75
510,80
510,95
510,112
510,138
510,147
511,1
511,2
511,3
511,4
511,34
511,42
511,45
511,46
511,95
511,138
511,633
512,1
512,2
512,3
512,4
512,13
512,92
512,634
512,635
513,1
513,3
513,4
513,71
513,132
513,145
513,444
514,1
514,2
514,4
514,36
514,50
515,1
515,2
515,3
515,5
515,637
516,1
516,3
516,4
516,35
516,41
516,80
516,109
516,110
517,1
517,2
517,4
517,58
517,75
518,1
518,2
518,3
518,4
518,27
518,35
519,1
519,2
519,3
519,4
519,5
519,16
519,33
519,34
519,41
519,55
519,112
519,134
520,1
520,2
520,3
520,4
521,1
521,2
521,3
521,4
521,5
521,8
521,9
521,10
521,46
521,66
522,1
522,2
522,3
522,35
522,43
522,92
523,1
523,2
523,3
523,4
523,42
523,100
523,103
523,638
524,1
524,3
524,4
524,35
524,43
524,45
524,55
524,57
524,112
524,123
524,639
525,1
525,2
525,3
525,4
525,45
525,46
526,1
526,2
526,3
526,4
526,11
527,1
527,2
527,3
527,4
527,8
527,9
527,10
527,45
528,1
528,2
528,3
528,33
528,34
528,42
528,59
528,80
528,119
528,640
529,1
529,2
529,3
529,4
529,45
529,55
529,112
530,1
530,2
530,3
530,4
530,11
530,34
530,36
531,1
531,2
531,4
531,27
531,35
531,45
531,55
531,112
532,1
532,2
532,3
532,4
532,5
532,12
532,33
532,34
532,38
532,45
532,53
532,59
532,110
533,1
533,2
533,3
533,35
533,43
533,46
533,50
533,103
533,441
533,641
534,1
534,2
534,3
534,4
534,46
534,50
534,95
534,142
535,1
535,2
535,4
535,38
535,45
535,55
535,70
535,112
536,4
536,58
536,643
537,1
537,2
537,3
537,4
537,42
537,110
538,1
538,2
538,3
539,1
539,2
539,3
539,4
539,106
539,644
539,645
539,646
539,647
539,648
540,1
540,2
540,3
540,46
540,59
540,106
540,132
540,516
540,649
541,1
541,2
541,3
541,95
541,651
542,1
542,3
543,1
543,2
543,3
543,4
543,13
544,1
544,2
544,3
545,1
545,2
545,4
545,16
545,46
546,1
546,4
